dataset,activation,hidden_layers,units_per_layer,epochs_run,final_train_loss,best_val_loss,final_test_loss,test_accuracy,run
Iris,sigmoid,1,32,300,0.40285788092484315,0.44575250088286716,0.3504697806337284,0.9333333333333333,0
Iris,sigmoid,1,32,300,0.3747809697014852,0.46655771991369904,0.36272130218231646,0.9666666666666667,1
Iris,sigmoid,1,32,300,0.39787814850054454,0.4249418130775046,0.34772530560319304,0.9333333333333333,2
Iris,sigmoid,1,32,300,0.39212889511203114,0.44208964773543746,0.3505507736253393,0.9333333333333333,3
Iris,sigmoid,1,32,300,0.39599066116337384,0.4397538882479897,0.3527343436162135,0.9333333333333333,4
Iris,sigmoid,1,32,300,0.3792775407751558,0.4315109702165116,0.34456122651367604,0.9666666666666667,5
Iris,sigmoid,1,32,300,0.3502505217359706,0.4310545225583378,0.3395257383360242,0.9666666666666667,6
Iris,sigmoid,1,32,300,0.36362546439405463,0.4243071966726102,0.3391465321126424,0.9666666666666667,7
Iris,sigmoid,1,32,300,0.37200983108426994,0.4225507690479497,0.3364703692949908,0.9333333333333333,8
Iris,sigmoid,1,32,300,0.3732471162972022,0.4164836967897603,0.32946453212241883,0.9333333333333333,9
Iris,sigmoid,1,32,300,0.3719215209218631,0.4157941255350052,0.33409245836680357,0.9333333333333333,10
Iris,sigmoid,1,32,300,0.3481476690095305,0.3972238061842626,0.3203441843157725,0.9666666666666667,11
Iris,sigmoid,1,32,300,0.36602070764331146,0.4109242015645413,0.32558107325153784,0.9333333333333333,12
Iris,sigmoid,1,32,300,0.3669849308864152,0.416814580086644,0.34386400612474505,0.9333333333333333,13
Iris,sigmoid,1,32,300,0.3661389690103662,0.4233672803811084,0.32372187173798367,0.9333333333333333,14
Iris,sigmoid,1,32,300,0.37370282891701145,0.4718514398613669,0.3467218564966286,0.9666666666666667,15
Iris,sigmoid,1,32,300,0.385581039666665,0.44054795186195816,0.35796496953614565,0.9333333333333333,16
Iris,sigmoid,1,32,300,0.3579473792513845,0.4228233929121897,0.33679894416836004,0.9333333333333333,17
Iris,sigmoid,1,32,300,0.35634053730285337,0.4353581171509668,0.3334618274514386,0.9333333333333333,18
Iris,sigmoid,1,32,300,0.4025902502646241,0.42655595920606687,0.35278799620544193,0.9333333333333333,19
Iris,sigmoid,1,32,300,0.3520827104136724,0.43546840718035124,0.32213323265710836,0.9666666666666667,20
Iris,sigmoid,1,32,300,0.3520628811633088,0.4135096059959486,0.31175263267358744,0.9666666666666667,21
Iris,sigmoid,1,32,300,0.41437302979978324,0.43997531086748004,0.37397280217686135,0.9333333333333333,22
Iris,sigmoid,1,32,300,0.3449149542367554,0.40788836591071975,0.319991811202427,0.9666666666666667,23
Iris,sigmoid,1,32,300,0.3827242815618577,0.45565112438680816,0.35959902943260036,0.9333333333333333,24
Iris,sigmoid,1,32,300,0.36773163161032046,0.42303322373034574,0.33610329139432366,0.9666666666666667,25
Iris,sigmoid,1,32,300,0.37445451221645437,0.4610637964869578,0.34614429977828104,0.9,26
Iris,sigmoid,1,32,300,0.3941944127709833,0.4335018039990972,0.35335891598074043,0.9333333333333333,27
Iris,sigmoid,1,32,300,0.4006309508647235,0.4794128057100582,0.3644646411775224,0.9333333333333333,28
Iris,sigmoid,1,32,300,0.37222251200875806,0.4196555050376165,0.3354698823553619,0.9333333333333333,29
Iris,sigmoid,4,32,28,1.102641315672274,1.1016934428462617,1.1222863119774016,0.3,0
Iris,sigmoid,4,32,21,1.092917887391483,1.0583861910849994,1.135963734347223,0.3,1
Iris,sigmoid,4,32,27,1.0990144336618368,1.0732849412996084,1.151980230952855,0.3333333333333333,2
Iris,sigmoid,4,32,221,1.094692910411979,1.1130511517952413,1.093391976317108,0.36666666666666664,3
Iris,sigmoid,4,32,300,1.079238594724753,1.0988579186720024,1.0778273671478924,0.36666666666666664,4
Iris,sigmoid,4,32,52,1.1008639370685727,1.1171025327749666,1.1014245551735753,0.36666666666666664,5
Iris,sigmoid,4,32,300,1.0586478654196692,1.0816223055135679,1.0562888010791196,0.7,6
Iris,sigmoid,4,32,300,1.0900329484938531,1.1085646582137445,1.0886106589063387,0.36666666666666664,7
Iris,sigmoid,4,32,31,1.0909055603144397,1.0452376214924293,1.166093729826183,0.3,8
Iris,sigmoid,4,32,23,1.0922880707604683,1.0617985768387568,1.157104473698781,0.3333333333333333,9
Iris,sigmoid,4,32,300,1.0700076494553212,1.0907397387840991,1.0684210996220922,0.7,10
Iris,sigmoid,4,32,28,1.0942186796962776,1.0492680999050898,1.1672301821648645,0.3,11
Iris,sigmoid,4,32,28,1.09006900493729,1.084406790965874,1.1230361098291786,0.3,12
Iris,sigmoid,4,32,25,1.0990503121718487,1.0619562631432304,1.1613197982769197,0.3,13
Iris,sigmoid,4,32,29,1.100592544590713,1.1184355439385596,1.1049728092746647,0.3333333333333333,14
Iris,sigmoid,4,32,79,1.0978412709035972,1.1165775837435465,1.0980735373601938,0.36666666666666664,15
Iris,sigmoid,4,32,27,1.0972944081057385,1.1071120804736283,1.1057546224543306,0.3333333333333333,16
Iris,sigmoid,4,32,300,1.076920009332647,1.0972487410921647,1.073702791090473,0.5333333333333333,17
Iris,sigmoid,4,32,300,1.085452991240558,1.102961647058877,1.0818413308853203,0.36666666666666664,18
Iris,sigmoid,4,32,300,1.0725145536024898,1.090096780109498,1.067251013637402,0.6666666666666666,19
Iris,sigmoid,4,32,24,1.1054620905948183,1.1011382590573566,1.1284194599310493,0.3333333333333333,20
Iris,sigmoid,4,32,169,1.091600418560412,1.109173757937816,1.0912442757686547,0.36666666666666664,21
Iris,sigmoid,4,32,21,1.0916519345813638,1.071333057838496,1.1129998786697162,0.3,22
Iris,sigmoid,4,32,300,1.074788090120806,1.0978331709126952,1.0722478210461595,0.7,23
Iris,sigmoid,4,32,28,1.0953981891613116,1.0999092439975549,1.1072231652806448,0.3333333333333333,24
Iris,sigmoid,4,32,31,1.0823596964435505,1.0683847083089255,1.1193289458360962,0.3333333333333333,25
Iris,sigmoid,4,32,300,1.081286139994126,1.1021082957903852,1.080216129938323,0.43333333333333335,26
Iris,sigmoid,4,32,21,1.0975825796952763,1.0514258374809244,1.1757718679832851,0.3,27
Iris,sigmoid,4,32,245,1.0895381591664344,1.1105897918150136,1.0891885012099585,0.36666666666666664,28
Iris,sigmoid,4,32,300,1.0698746248126572,1.0902610573583995,1.0656630892606798,0.7,29
Iris,sigmoid,15,32,21,1.0974624109118474,1.083618933850017,1.1192181028162573,0.3,0
Iris,sigmoid,15,32,128,1.097309651391763,1.1151125794523324,1.095784356085537,0.36666666666666664,1
Iris,sigmoid,15,32,60,1.0973094446667506,1.1152570268920312,1.095783688982479,0.36666666666666664,2
Iris,sigmoid,15,32,37,1.097916476608935,1.0563010531540755,1.173253677617317,0.3,3
Iris,sigmoid,15,32,140,1.097309634870576,1.1151032833105572,1.0957853164493048,0.36666666666666664,4
Iris,sigmoid,15,32,73,1.097309839180311,1.1152957025719406,1.0957691475484561,0.36666666666666664,5
Iris,sigmoid,15,32,50,1.0973130843538546,1.1141011685425313,1.096158049657415,0.36666666666666664,6
Iris,sigmoid,15,32,59,1.097310108326337,1.1152227893900866,1.0957881604341257,0.36666666666666664,7
Iris,sigmoid,15,32,31,1.0974667955040165,1.0878476371709855,1.1228193548343148,0.3333333333333333,8
Iris,sigmoid,15,32,31,1.0973419916314207,1.1104625723716028,1.1029065262113715,0.3333333333333333,9
Iris,sigmoid,15,32,21,1.0977123996696359,1.0598543839279808,1.1304404159277803,0.3,10
Iris,sigmoid,15,32,120,1.0973093873047655,1.1153758166154628,1.0957614143820464,0.36666666666666664,11
Iris,sigmoid,15,32,28,1.0985624947581303,1.0628793830503445,1.1618464601167864,0.3333333333333333,12
Iris,sigmoid,15,32,63,1.0973113126614191,1.1151181783298287,1.0958573451105764,0.36666666666666664,13
Iris,sigmoid,15,32,21,1.097419269682775,1.0851653300579953,1.1080180685511836,0.3,14
Iris,sigmoid,15,32,109,1.097309367167354,1.1150938723133974,1.0957859270789427,0.36666666666666664,15
Iris,sigmoid,15,32,21,1.0974652011884825,1.0828802083100468,1.1266309499931555,0.3,16
Iris,sigmoid,15,32,21,1.097315004325533,1.1121547881106417,1.0964782384970164,0.3333333333333333,17
Iris,sigmoid,15,32,34,1.0973682406098355,1.1124654086995311,1.1004666957895932,0.3333333333333333,18
Iris,sigmoid,15,32,102,1.0973098860814074,1.1153153229715305,1.0957664583735487,0.36666666666666664,19
Iris,sigmoid,15,32,68,1.0973101118264037,1.1151985048951354,1.0957784148622083,0.36666666666666664,20
Iris,sigmoid,15,32,32,1.0973396407182923,1.109875684550756,1.1024290288462133,0.3333333333333333,21
Iris,sigmoid,15,32,26,1.0978319152246574,1.0555039718720758,1.1658054367958037,0.3,22
Iris,sigmoid,15,32,131,1.0973094348987473,1.114981382954566,1.095796310895591,0.36666666666666664,23
Iris,sigmoid,15,32,21,1.0976243078842502,1.0564717753898358,1.1455458794040358,0.3,24
Iris,sigmoid,15,32,104,1.0973095089807046,1.114703215436387,1.0958222272928106,0.36666666666666664,25
Iris,sigmoid,15,32,91,1.0973103326471993,1.1150340740100562,1.095792049107269,0.36666666666666664,26
Iris,sigmoid,15,32,98,1.097310308471987,1.115071144571412,1.0957887997755742,0.36666666666666664,27
Iris,sigmoid,15,32,37,1.0974776795614307,1.108172574198005,1.1060470415266646,0.36666666666666664,28
Iris,sigmoid,15,32,28,1.0985060657419956,1.0521115110518882,1.1844208220092498,0.3,29
Iris,relu,1,32,300,0.20323721614682533,0.3311540626606348,0.16669148100656095,1.0,0
Iris,relu,1,32,300,0.17525704712172518,0.34240844317779,0.16653146641117514,0.9666666666666667,1
Iris,relu,1,32,300,0.18335149047537938,0.27375414431601824,0.19217943741670412,0.9,2
Iris,relu,1,32,300,0.19261601700990272,0.2539407593416223,0.17011129262768118,0.9666666666666667,3
Iris,relu,1,32,300,0.19278316640596826,0.31924559054017937,0.17538569877537522,0.9666666666666667,4
Iris,relu,1,32,300,0.19843201232151284,0.3359807870972442,0.20022708220154256,0.9333333333333333,5
Iris,relu,1,32,300,0.16962566499255738,0.35526158177669415,0.15528737354162664,0.9666666666666667,6
Iris,relu,1,32,300,0.1815540476191566,0.2979500740048055,0.17839373230623753,0.9,7
Iris,relu,1,32,300,0.1882829236661732,0.29235033766950513,0.1701259274300129,0.9666666666666667,8
Iris,relu,1,32,300,0.18280246344396364,0.3694894019926413,0.17639538211293587,0.9333333333333333,9
Iris,relu,1,32,300,0.17311224081113905,0.2819507657512056,0.1646717270849251,0.9333333333333333,10
Iris,relu,1,32,300,0.17239290015118902,0.2563289837667586,0.1523505684587276,0.9666666666666667,11
Iris,relu,1,32,300,0.15513404018697627,0.306323180037748,0.14212863816464358,0.9666666666666667,12
Iris,relu,1,32,300,0.16920879972661998,0.265963109612478,0.15153108567820708,0.9666666666666667,13
Iris,relu,1,32,300,0.1827787346663746,0.3221260309965613,0.16928917709182797,0.9333333333333333,14
Iris,relu,1,32,300,0.21596083899840526,0.39614304075578,0.18246824220285288,0.9333333333333333,15
Iris,relu,1,32,300,0.14654525973247332,0.26756394341208367,0.13304213301738826,1.0,16
Iris,relu,1,32,300,0.17300904655047333,0.25556979649905504,0.1672331771376814,0.9666666666666667,17
Iris,relu,1,32,300,0.17303674185606735,0.30903181409414926,0.15451194426951187,0.9333333333333333,18
Iris,relu,1,32,300,0.15672500030890424,0.23666382218322204,0.13782063315853518,1.0,19
Iris,relu,1,32,300,0.17496771999452146,0.2953645351106006,0.16512715963006902,0.9666666666666667,20
Iris,relu,1,32,300,0.19245111525009187,0.40706888372689315,0.15669299794789565,0.9666666666666667,21
Iris,relu,1,32,300,0.2290609105958873,0.2741135731249076,0.18841358177314368,0.9333333333333333,22
Iris,relu,1,32,300,0.18272473431314187,0.26808214209889775,0.1579976451402996,0.9666666666666667,23
Iris,relu,1,32,300,0.18769331800499786,0.3019901805187202,0.1662367079273465,0.9333333333333333,24
Iris,relu,1,32,286,0.16321642821643342,0.2864071930935432,0.14922080495258813,0.9666666666666667,25
Iris,relu,1,32,300,0.1742511710747019,0.3825174797090824,0.15016680882480862,0.9333333333333333,26
Iris,relu,1,32,300,0.20439359991623893,0.2787207866940718,0.18084090067796968,0.9333333333333333,27
Iris,relu,1,32,300,0.1996062888096771,0.3160402696135833,0.17901122806422656,0.9333333333333333,28
Iris,relu,1,32,300,0.20011235179505574,0.30249606824498926,0.1742265995253009,0.9333333333333333,29
Iris,relu,4,32,156,0.16098877709546502,0.3658835126389616,0.17536620735881742,0.9333333333333333,0
Iris,relu,4,32,108,0.1254084886664514,0.3761772994608627,0.1587023041735062,0.9333333333333333,1
Iris,relu,4,32,175,0.11789756194548416,0.23521089652321706,0.18418022603553583,0.9333333333333333,2
Iris,relu,4,32,140,0.09496480557878535,0.2682285728085616,0.14081570218284786,0.9333333333333333,3
Iris,relu,4,32,159,0.08616272639766787,0.41456558757182,0.12526029723306534,0.9333333333333333,4
Iris,relu,4,32,203,0.06210582859483904,0.2536252737071564,0.10317160025960938,1.0,5
Iris,relu,4,32,172,0.09757324444342057,0.3612892311290678,0.13348188691715276,0.9333333333333333,6
Iris,relu,4,32,220,0.07698186254033655,0.2672923670849367,0.1079447623673673,0.9666666666666667,7
Iris,relu,4,32,211,0.05970479195289489,0.20681614820340197,0.09936243075550007,1.0,8
Iris,relu,4,32,145,0.12480009398166232,0.30604953459834666,0.11983250360425653,0.9666666666666667,9
Iris,relu,4,32,128,0.09938034096613298,0.38787157766450536,0.13338340172874172,0.9333333333333333,10
Iris,relu,4,32,142,0.08516909830916174,0.23511821214412118,0.12098667933644067,0.9666666666666667,11
Iris,relu,4,32,132,0.0887229757388233,0.24596681186000277,0.11918881463099312,0.9666666666666667,12
Iris,relu,4,32,170,0.08622903955611157,0.23714576029677392,0.09206057742802047,0.9666666666666667,13
Iris,relu,4,32,167,0.07229052922106188,0.27693819406422654,0.08651938832841011,1.0,14
Iris,relu,4,32,136,0.1616365319211467,0.48686953381588705,0.20503109415387075,0.9333333333333333,15
Iris,relu,4,32,143,0.12204751979001123,0.24568372087786153,0.1547046204171796,0.9333333333333333,16
Iris,relu,4,32,133,0.06101437450872781,0.3286740513927398,0.11098766759581036,0.9333333333333333,17
Iris,relu,4,32,212,0.13428353845215837,0.2819466811774925,0.1562259902117532,0.9333333333333333,18
Iris,relu,4,32,194,0.09549617235934582,0.22271548546767148,0.12123553277206302,0.9666666666666667,19
Iris,relu,4,32,184,0.07015878607275819,0.27533221669776914,0.11188109219990901,0.9666666666666667,20
Iris,relu,4,32,127,0.17154685768415492,0.4667690333555363,0.18793932896223628,0.9333333333333333,21
Iris,relu,4,32,249,0.1422746926249446,0.2931680166077997,0.13498661348772184,0.9333333333333333,22
Iris,relu,4,32,295,0.056244538188192035,0.1655347293051061,0.0677485668606464,1.0,23
Iris,relu,4,32,218,0.07363054176373217,0.22681087632778554,0.11902226914321787,0.9666666666666667,24
Iris,relu,4,32,109,0.121736862282185,0.2749591737052776,0.14941875983646882,0.9333333333333333,25
Iris,relu,4,32,146,0.10460249594667231,0.35544131336068346,0.13325065355859872,0.9333333333333333,26
Iris,relu,4,32,131,0.10854589678317154,0.439847910985178,0.16344509231833,0.9,27
Iris,relu,4,32,276,0.057854059162371387,0.2705744033475448,0.09042541306133009,0.9666666666666667,28
Iris,relu,4,32,110,0.11119752442453923,0.4345995427388234,0.14451600343535054,0.9666666666666667,29
Iris,relu,15,32,124,0.05748586017899532,0.36479332389708724,0.09527636159077656,1.0,0
Iris,relu,15,32,53,0.03660592233293175,0.3840149459537184,0.12161986155633965,0.9666666666666667,1
Iris,relu,15,32,52,0.053259507865863615,0.36219480565216017,0.27589847373750515,0.9,2
Iris,relu,15,32,108,0.019295924001477557,0.10446016509768331,0.07758054416317418,1.0,3
Iris,relu,15,32,96,0.087231277720631,0.3379103340646383,0.19530229437256202,0.9,4
Iris,relu,15,32,83,0.032528181544018986,0.25967286619037955,0.06547765746651517,1.0,5
Iris,relu,15,32,48,0.11330438078358411,0.2878027162736865,0.31781459582715593,0.9,6
Iris,relu,15,32,114,0.047379735347020696,0.32591765292912667,0.07668093637089383,1.0,7
Iris,relu,15,32,100,0.06993549042638374,0.19462389009844794,0.0889342550479583,0.9666666666666667,8
Iris,relu,15,32,117,0.3292628114958431,0.2490302162764765,0.1249512189090113,1.0,9
Iris,relu,15,32,67,0.02458971106324036,0.18193132141476753,0.08984258987750308,1.0,10
Iris,relu,15,32,85,0.025368178606208134,0.2921044153999972,0.13261649588553967,0.9666666666666667,11
Iris,relu,15,32,116,0.036717329644858125,0.19513599585255015,0.13701442217511248,0.9666666666666667,12
Iris,relu,15,32,52,0.5840313143918711,0.3947823408752644,0.34023404040454136,0.9666666666666667,13
Iris,relu,15,32,68,0.02711908884307081,0.17876421738232942,0.1464811044253456,0.9666666666666667,14
Iris,relu,15,32,64,0.2208903517303166,0.570088274575492,0.21157718024858585,0.9666666666666667,15
Iris,relu,15,32,52,0.04572109850952302,0.27309935781511496,0.2777039786999742,0.8666666666666667,16
Iris,relu,15,32,123,0.04089526395465496,0.1143274140690223,0.12111772751194845,0.9666666666666667,17
Iris,relu,15,32,102,0.03663937056506953,0.21571188097171926,0.08611375660096865,1.0,18
Iris,relu,15,32,89,0.08696717167861716,0.4573981792763539,0.22305336840722537,0.8666666666666667,19
Iris,relu,15,32,53,0.3634907067565048,0.29299343636107583,0.20621977155663931,0.9666666666666667,20
Iris,relu,15,32,51,0.04530058699608381,0.33708113409636226,0.16978257192320612,0.9333333333333333,21
Iris,relu,15,32,79,0.032280496583644853,0.06312618756981102,0.06681908253451502,1.0,22
Iris,relu,15,32,109,0.03418482338312074,0.165396054052332,0.06446571847258446,1.0,23
Iris,relu,15,32,224,0.0023420273665056795,0.05848710210882178,0.09169381714224331,0.9666666666666667,24
Iris,relu,15,32,76,0.024257788512002915,0.23484425606214554,0.3078182268827299,0.9,25
Iris,relu,15,32,56,0.07441721041409587,0.4727474323326097,0.1280556807467909,1.0,26
Iris,relu,15,32,81,0.07417030055286992,0.2867865958278948,0.15338732125781068,1.0,27
Iris,relu,15,32,63,0.017220823143473896,0.23051310848744447,0.11010901803535142,0.9666666666666667,28
Iris,relu,15,32,34,0.15471243760048536,0.7081497231056545,0.42997929675866176,0.9333333333333333,29
Iris,leaky_relu,1,32,300,0.2029451905556626,0.3310817211863799,0.16652921077527372,0.9666666666666667,0
Iris,leaky_relu,1,32,300,0.1748466153956437,0.34257149702940753,0.16617497506993564,0.9666666666666667,1
Iris,leaky_relu,1,32,300,0.18291902853127737,0.2734231567947166,0.1914718737826363,0.9,2
Iris,leaky_relu,1,32,300,0.19230678059011144,0.2538247421150603,0.16962306981991432,0.9666666666666667,3
Iris,leaky_relu,1,32,300,0.19260967346989366,0.3181008639343436,0.17514768434252498,0.9666666666666667,4
Iris,leaky_relu,1,32,300,0.19801724808734136,0.33571940259246524,0.19965824695167642,0.9333333333333333,5
Iris,leaky_relu,1,32,300,0.16949175720198317,0.35499343003529926,0.1550511589645573,0.9666666666666667,6
Iris,leaky_relu,1,32,300,0.18106655202644503,0.2980506360071126,0.17770426842756462,0.9,7
Iris,leaky_relu,1,32,300,0.18799808739679968,0.29228798627943714,0.16964218094800773,0.9666666666666667,8
Iris,leaky_relu,1,32,300,0.18243497802219102,0.36926206528385297,0.175925355878937,0.9333333333333333,9
Iris,leaky_relu,1,32,300,0.1728613508454485,0.28195210972230805,0.16410468920472696,0.9333333333333333,10
Iris,leaky_relu,1,32,300,0.17217871318912925,0.2564242808417934,0.1520782455188599,0.9666666666666667,11
Iris,leaky_relu,1,32,300,0.15520754186517202,0.3063003743391915,0.14216006905237866,0.9666666666666667,12
Iris,leaky_relu,1,32,300,0.1689341953396243,0.26576919831536894,0.15115490477849228,0.9666666666666667,13
Iris,leaky_relu,1,32,300,0.18241843519110781,0.3218910795292309,0.1690791969056265,0.9333333333333333,14
Iris,leaky_relu,1,32,300,0.2157146675883034,0.39471886257326955,0.1824525022029519,0.9666666666666667,15
Iris,leaky_relu,1,32,300,0.14641133446099364,0.26735164678863566,0.1328345608945237,1.0,16
Iris,leaky_relu,1,32,300,0.172753293341971,0.2563293350753513,0.16673754313241554,0.9666666666666667,17
Iris,leaky_relu,1,32,300,0.17289317775260735,0.30822926161460473,0.15430069498179871,0.9333333333333333,18
Iris,leaky_relu,1,32,300,0.15647045574945737,0.23629744352654,0.13752800148580266,1.0,19
Iris,leaky_relu,1,32,300,0.17465796519068252,0.29417092437373443,0.1649737159111679,0.9666666666666667,20
Iris,leaky_relu,1,32,300,0.19225037068908868,0.40615306435603565,0.15652543151710416,0.9666666666666667,21
Iris,leaky_relu,1,32,300,0.22876333393716455,0.27431344447819866,0.18813459595826845,0.9333333333333333,22
Iris,leaky_relu,1,32,300,0.18259244212197942,0.2686269617782682,0.15778842302966437,0.9666666666666667,23
Iris,leaky_relu,1,32,300,0.1876877484300353,0.302352871845996,0.1660227040957533,0.9333333333333333,24
Iris,leaky_relu,1,32,300,0.1578659039449437,0.2868618977973042,0.14019000335743423,0.9666666666666667,25
Iris,leaky_relu,1,32,300,0.1741927372329175,0.3815290923902875,0.1501356900038986,0.9333333333333333,26
Iris,leaky_relu,1,32,300,0.20412372573837234,0.27935709309093104,0.18069356294983357,0.9333333333333333,27
Iris,leaky_relu,1,32,300,0.19951262954256035,0.3156149422971843,0.1788978914026567,0.9333333333333333,28
Iris,leaky_relu,1,32,300,0.2000900457646927,0.30235124513343953,0.17409225496771963,0.9333333333333333,29
Iris,leaky_relu,4,32,177,0.13863288319581624,0.3702833759792039,0.155102722666796,0.9333333333333333,0
Iris,leaky_relu,4,32,108,0.12595614693125046,0.3750168234951423,0.15914598267357613,0.9333333333333333,1
Iris,leaky_relu,4,32,196,0.10190023812985301,0.22418861735643678,0.17140128562481333,0.9333333333333333,2
Iris,leaky_relu,4,32,140,0.09512605948707027,0.27203650537942164,0.14101317155354612,0.9333333333333333,3
Iris,leaky_relu,4,32,159,0.0861425859848733,0.3981318320258381,0.12599715304225384,0.9333333333333333,4
Iris,leaky_relu,4,32,168,0.08100246799601865,0.257667131791461,0.12711502218172963,1.0,5
Iris,leaky_relu,4,32,172,0.09785657602140611,0.35942987545864735,0.13248907930559367,0.9333333333333333,6
Iris,leaky_relu,4,32,220,0.07523516336482362,0.26844042093080317,0.10893784401211594,0.9666666666666667,7
Iris,leaky_relu,4,32,155,0.08997138548427869,0.21971697404621562,0.1295943056065856,0.9,8
Iris,leaky_relu,4,32,145,0.12304002332844799,0.3026679928688442,0.11909565091899191,0.9666666666666667,9
Iris,leaky_relu,4,32,128,0.09996095303492392,0.38740335000074233,0.13101097972031556,0.9666666666666667,10
Iris,leaky_relu,4,32,118,0.10577809839058157,0.2458045766414676,0.1431824540316245,0.9333333333333333,11
Iris,leaky_relu,4,32,132,0.08921891090181062,0.24850686161648997,0.11972077342539546,0.9666666666666667,12
Iris,leaky_relu,4,32,182,0.07980529439543912,0.23237880322659255,0.08596808595902197,1.0,13
Iris,leaky_relu,4,32,196,0.05954944386032188,0.2783133521587901,0.07317011003552767,1.0,14
Iris,leaky_relu,4,32,113,0.19203481885938056,0.49201586149415194,0.23267171940546397,0.9,15
Iris,leaky_relu,4,32,143,0.12154402449440044,0.24748620411486344,0.15423672550555984,0.9666666666666667,16
Iris,leaky_relu,4,32,110,0.07284224742444727,0.3292166633072367,0.12613212143501568,0.9333333333333333,17
Iris,leaky_relu,4,32,220,0.11419513201285421,0.2932889282265145,0.14059337684939563,0.9666666666666667,18
Iris,leaky_relu,4,32,194,0.09547033275843812,0.2235938195613817,0.12100435252934846,0.9666666666666667,19
Iris,leaky_relu,4,32,176,0.07772148897535806,0.2680997348645115,0.11978569863571381,0.9666666666666667,20
Iris,leaky_relu,4,32,163,0.13070550468997963,0.46370224313278663,0.15624255786856667,0.9666666666666667,21
Iris,leaky_relu,4,32,249,0.14326429724155312,0.295860842593746,0.1373026392989878,0.9333333333333333,22
Iris,leaky_relu,4,32,278,0.05970318218693885,0.17437890844368206,0.0721516006130572,1.0,23
Iris,leaky_relu,4,32,207,0.07931561480066852,0.2304485455221333,0.12136165122266727,0.9666666666666667,24
Iris,leaky_relu,4,32,109,0.12130879308491954,0.2765433223250419,0.15137347175725555,0.9333333333333333,25
Iris,leaky_relu,4,32,146,0.10446004860665159,0.3555552662753338,0.1352651022211327,0.9333333333333333,26
Iris,leaky_relu,4,32,135,0.10286992996168372,0.4401129189393868,0.15675943174717294,0.9,27
Iris,leaky_relu,4,32,276,0.05814204404524196,0.27872893728846687,0.09182844317294357,0.9666666666666667,28
Iris,leaky_relu,4,32,110,0.11044580478796891,0.43110020657893194,0.14360076654471496,0.9666666666666667,29
Iris,leaky_relu,15,32,110,0.05469460899465053,0.3458208531471307,0.16827964727615594,0.9666666666666667,0
Iris,leaky_relu,15,32,72,0.01509593399053554,0.20033651385169327,0.15908751724024625,0.9666666666666667,1
Iris,leaky_relu,15,32,55,0.04014999112030927,0.34816427097172387,0.2589773255217471,0.9333333333333333,2
Iris,leaky_relu,15,32,126,0.02631648530035785,0.21465325602791052,0.14313877765436364,0.9666666666666667,3
Iris,leaky_relu,15,32,105,0.055739505234671916,0.3060371966701556,0.1835061638898438,0.9666666666666667,4
Iris,leaky_relu,15,32,73,0.02092974638609882,0.14087816503544862,0.2483657373557225,0.9666666666666667,5
Iris,leaky_relu,15,32,64,0.03460566711107551,0.2752511855381191,0.09435357537119334,1.0,6
Iris,leaky_relu,15,32,123,0.027500010393155,0.31233572155837946,0.2074077390118947,0.9333333333333333,7
Iris,leaky_relu,15,32,93,0.16244091363159152,0.1718402561929037,0.07910231530167204,0.9666666666666667,8
Iris,leaky_relu,15,32,74,0.2989236806678954,0.38416162684616934,0.21770957693404852,1.0,9
Iris,leaky_relu,15,32,97,0.015352094773088127,0.09098288324575705,0.08279721997472002,0.9666666666666667,10
Iris,leaky_relu,15,32,77,4.919212587965475,0.28354432954061126,0.1684501219838215,0.9666666666666667,11
Iris,leaky_relu,15,32,111,0.0994126864672698,0.229624940112801,0.24954714320397928,1.0,12
Iris,leaky_relu,15,32,52,0.598055051711893,0.3776863467636827,0.3357094014513302,0.9666666666666667,13
Iris,leaky_relu,15,32,46,0.06610633395861652,0.19067163553728653,0.14130076549441195,1.0,14
Iris,leaky_relu,15,32,85,0.07821439003883228,0.5448168632084726,0.19451242678421635,0.9666666666666667,15
Iris,leaky_relu,15,32,44,0.06026831000135,0.22220052550334182,0.16122196939965655,0.9333333333333333,16
Iris,leaky_relu,15,32,123,0.03215377289969044,0.13007101643740734,0.09309211845866003,0.9666666666666667,17
Iris,leaky_relu,15,32,104,0.030654370368420652,0.22864677443353107,0.1464400600882354,0.9666666666666667,18
Iris,leaky_relu,15,32,53,0.20247714537614617,0.48808860714488517,0.2793839405706583,0.8666666666666667,19
Iris,leaky_relu,15,32,50,0.3675109979540448,0.3195425977303312,0.2169231538059369,0.9666666666666667,20
Iris,leaky_relu,15,32,50,0.054140467548643025,0.46650551454144473,0.1617113666619585,0.9666666666666667,21
Iris,leaky_relu,15,32,109,0.010078000658335211,0.045284172036062276,0.016146190967365474,1.0,22
Iris,leaky_relu,15,32,142,0.015600068698875327,0.14315888757088843,0.03470604358439267,1.0,23
Iris,leaky_relu,15,32,136,0.015996523234718795,0.08466345643523339,0.08996628193727867,0.9666666666666667,24
Iris,leaky_relu,15,32,68,0.523665455605582,0.2672703784487323,0.11451602845244453,0.9666666666666667,25
Iris,leaky_relu,15,32,72,0.2619884510027242,0.22468962612032795,0.061900507080945806,1.0,26
Iris,leaky_relu,15,32,76,0.2659213020472537,0.28389318009173103,0.16328891988599267,0.9666666666666667,27
Iris,leaky_relu,15,32,64,0.015258990750615343,0.22927319635488116,0.22455791460092966,0.9,28
Iris,leaky_relu,15,32,40,0.16884515345275922,0.6820077093525999,0.2823244354378302,0.9333333333333333,29
BreastCancer,sigmoid,1,32,300,0.06445803029590876,0.14141755747058354,0.06858949839500292,0.9824561403508771,0
BreastCancer,sigmoid,1,32,300,0.0611788470966279,0.13742956254771221,0.06453768621848674,0.9824561403508771,1
BreastCancer,sigmoid,1,32,300,0.06772674828249399,0.1449618825271378,0.0728893711974538,0.9649122807017544,2
BreastCancer,sigmoid,1,32,300,0.06688519344132136,0.13470144316551394,0.06428011975934081,0.9824561403508771,3
BreastCancer,sigmoid,1,32,300,0.06283278945389817,0.13712952484115887,0.06320189012793168,0.9824561403508771,4
BreastCancer,sigmoid,1,32,279,0.06099105250048925,0.13849636844324165,0.07266471913530126,0.9736842105263158,5
BreastCancer,sigmoid,1,32,300,0.06275746048233564,0.1401102065000347,0.07084312262949415,0.9736842105263158,6
BreastCancer,sigmoid,1,32,300,0.06137416483890316,0.14152384449886887,0.06974566784947918,0.9649122807017544,7
BreastCancer,sigmoid,1,32,300,0.06504594433228392,0.1508588025871642,0.0698553913620889,0.9736842105263158,8
BreastCancer,sigmoid,1,32,300,0.05928523980984805,0.13648692570857945,0.06375059397332676,0.9824561403508771,9
BreastCancer,sigmoid,1,32,300,0.06794622075830577,0.14018393392525255,0.061300019828174394,0.9912280701754386,10
BreastCancer,sigmoid,1,32,300,0.05973221701644038,0.13292213148990356,0.06602019812874049,0.9736842105263158,11
BreastCancer,sigmoid,1,32,300,0.06520740803714813,0.13952865045756244,0.06672029703178764,0.9649122807017544,12
BreastCancer,sigmoid,1,32,289,0.06338366929998121,0.13913655273505407,0.06614272012242281,0.9824561403508771,13
BreastCancer,sigmoid,1,32,252,0.07474600296698551,0.1351769184384667,0.07153223205732828,0.9824561403508771,14
BreastCancer,sigmoid,1,32,300,0.06686373140537893,0.13784503157759861,0.0636684558601021,0.9736842105263158,15
BreastCancer,sigmoid,1,32,300,0.05970082252426913,0.138382744782184,0.06531265200094157,0.9649122807017544,16
BreastCancer,sigmoid,1,32,270,0.06692377211354691,0.12897360646087536,0.06705943969154937,0.9912280701754386,17
BreastCancer,sigmoid,1,32,300,0.06103639215736689,0.13353639153068347,0.07453508496712609,0.9649122807017544,18
BreastCancer,sigmoid,1,32,300,0.05942069940927827,0.1371503076058994,0.06599080128588672,0.9736842105263158,19
BreastCancer,sigmoid,1,32,300,0.06452871706194711,0.13332457576229081,0.0746248138414812,0.9649122807017544,20
BreastCancer,sigmoid,1,32,300,0.06461015093220215,0.1408533210740195,0.06690452878098747,0.9736842105263158,21
BreastCancer,sigmoid,1,32,300,0.06300578822793626,0.14114845267821835,0.06782062982544557,0.9824561403508771,22
BreastCancer,sigmoid,1,32,253,0.0656073259580533,0.13998860772051824,0.0695154475160877,0.9736842105263158,23
BreastCancer,sigmoid,1,32,247,0.061509411341729624,0.12458096032761044,0.06772324268012747,0.9736842105263158,24
BreastCancer,sigmoid,1,32,300,0.06537152142357293,0.14453277644148055,0.0673405996679445,0.9736842105263158,25
BreastCancer,sigmoid,1,32,300,0.0641379817158863,0.13459245621209945,0.06611528863556544,0.9912280701754386,26
BreastCancer,sigmoid,1,32,286,0.0628951589004601,0.13887636752200563,0.06608565350379675,0.9736842105263158,27
BreastCancer,sigmoid,1,32,300,0.059118052517891755,0.132336798549445,0.06351569145080799,0.9912280701754386,28
BreastCancer,sigmoid,1,32,300,0.05946407932024257,0.13355310631449777,0.05793133034425078,0.9912280701754386,29
BreastCancer,sigmoid,4,32,300,0.3863522787915474,0.4099421588860523,0.37999917960222274,0.9210526315789473,0
BreastCancer,sigmoid,4,32,24,0.6557487506920632,0.6707681039254376,0.662538644210398,0.6228070175438597,1
BreastCancer,sigmoid,4,32,300,0.19361257241478178,0.22816858029628886,0.17084220664093494,0.956140350877193,2
BreastCancer,sigmoid,4,32,300,0.2955124189686852,0.3304949784283236,0.27631408438957655,0.9473684210526315,3
BreastCancer,sigmoid,4,32,300,0.3894871281743577,0.41065595185187986,0.37386279410044215,0.956140350877193,4
BreastCancer,sigmoid,4,32,300,0.22966415701026202,0.26433741772056774,0.2148229488654897,0.9385964912280702,5
BreastCancer,sigmoid,4,32,300,0.6006283546283483,0.616971204409261,0.6053222365291007,0.6228070175438597,6
BreastCancer,sigmoid,4,32,300,0.28937810766472866,0.3143523343264553,0.2658106611036954,0.956140350877193,7
BreastCancer,sigmoid,4,32,300,0.49658900419141605,0.5211689837269201,0.4929206632895029,0.7719298245614035,8
BreastCancer,sigmoid,4,32,300,0.22029472487329943,0.24532476949942333,0.202792194086311,0.9649122807017544,9
BreastCancer,sigmoid,4,32,300,0.40658658400223535,0.42184845250919734,0.39534602884375475,0.9210526315789473,10
BreastCancer,sigmoid,4,32,300,0.36320988243494684,0.3824633698925725,0.3504332318803408,0.9473684210526315,11
BreastCancer,sigmoid,4,32,300,0.5314903914724857,0.5479525794908556,0.5349377777376818,0.7280701754385965,12
BreastCancer,sigmoid,4,32,300,0.28533479355905245,0.30417824154703216,0.2701649720108555,0.956140350877193,13
BreastCancer,sigmoid,4,32,300,0.32462869010917933,0.33989592838991955,0.3096620235836372,0.9385964912280702,14
BreastCancer,sigmoid,4,32,23,0.6531768572466825,0.669886627490362,0.6610277568347335,0.6228070175438597,15
BreastCancer,sigmoid,4,32,300,0.38575308406226044,0.4027222989225402,0.3786818079998773,0.9298245614035088,16
BreastCancer,sigmoid,4,32,300,0.5461895235423491,0.5598197585335513,0.5491241360534372,0.6228070175438597,17
BreastCancer,sigmoid,4,32,300,0.31356798382663525,0.3399113621987814,0.299115051070358,0.9298245614035088,18
BreastCancer,sigmoid,4,32,300,0.21689733345178663,0.24374801997577916,0.19452218534808674,0.9649122807017544,19
BreastCancer,sigmoid,4,32,25,0.657972096186542,0.6737926931745084,0.66544988400285,0.6228070175438597,20
BreastCancer,sigmoid,4,32,300,0.2877176089010849,0.31119516316507684,0.2659252734524794,0.9473684210526315,21
BreastCancer,sigmoid,4,32,300,0.5094050076195087,0.5284148572839599,0.5076017195624325,0.7543859649122807,22
BreastCancer,sigmoid,4,32,300,0.29385686248090337,0.3080565778128049,0.27572004541665207,0.956140350877193,23
BreastCancer,sigmoid,4,32,300,0.19464418463427188,0.22132559577959904,0.18019222306506796,0.9649122807017544,24
BreastCancer,sigmoid,4,32,300,0.4545118546064855,0.4768891681635752,0.44995574282063944,0.8596491228070176,25
BreastCancer,sigmoid,4,32,300,0.21985258835881394,0.2525896326775021,0.1975567531880286,0.956140350877193,26
BreastCancer,sigmoid,4,32,24,0.6569755796620407,0.6737603493288357,0.6653216317697974,0.6228070175438597,27
BreastCancer,sigmoid,4,32,300,0.43189628354122617,0.4484340961998048,0.42859284116279095,0.8859649122807017,28
BreastCancer,sigmoid,4,32,300,0.2626088767022053,0.28382204445126363,0.2483913936141299,0.956140350877193,29
BreastCancer,sigmoid,15,32,21,0.6564587983552423,0.6711921011729104,0.6634813414632581,0.6228070175438597,0
BreastCancer,sigmoid,15,32,36,0.6564682844125269,0.6717194701668722,0.6626871838848738,0.6228070175438597,1
BreastCancer,sigmoid,15,32,28,0.6564729693832209,0.6716702432106365,0.6626965492538922,0.6228070175438597,2
BreastCancer,sigmoid,15,32,24,0.6564679993022657,0.6712222427589372,0.663112518908179,0.6228070175438597,3
BreastCancer,sigmoid,15,32,23,0.656468037050976,0.6712131036838388,0.6631490581877061,0.6228070175438597,4
BreastCancer,sigmoid,15,32,70,0.6564575873469962,0.6721170490002989,0.6626866995404936,0.6228070175438597,5
BreastCancer,sigmoid,15,32,23,0.6565648983498727,0.6712369382004544,0.6638019671198108,0.6228070175438597,6
BreastCancer,sigmoid,15,32,22,0.6564865754565665,0.6712180577558138,0.6631283592367201,0.6228070175438597,7
BreastCancer,sigmoid,15,32,39,0.6564607348032094,0.6714795772056962,0.6627674075923684,0.6228070175438597,8
BreastCancer,sigmoid,15,32,25,0.656454885751367,0.6712179045859965,0.6631290409977474,0.6228070175438597,9
BreastCancer,sigmoid,15,32,23,0.6565762621105027,0.6712112706097728,0.6631573881492442,0.6228070175438597,10
BreastCancer,sigmoid,15,32,25,0.6564570236380266,0.6711901635316463,0.6634418794024981,0.6228070175438597,11
BreastCancer,sigmoid,15,32,24,0.6564955322986503,0.6711919907141689,0.6634794993150768,0.6228070175438597,12
BreastCancer,sigmoid,15,32,24,0.6564936713280257,0.6713339092595233,0.6628892629565604,0.6228070175438597,13
BreastCancer,sigmoid,15,32,35,0.6564768501541318,0.6715228715134488,0.6627451830849963,0.6228070175438597,14
BreastCancer,sigmoid,15,32,56,0.6565149412935335,0.6715814214296844,0.6627215120623553,0.6228070175438597,15
BreastCancer,sigmoid,15,32,24,0.6564645775481575,0.6711937283806501,0.6635053325590302,0.6228070175438597,16
BreastCancer,sigmoid,15,32,24,0.6565726858929031,0.671190250457339,0.663444209801349,0.6228070175438597,17
BreastCancer,sigmoid,15,32,21,0.6569618808243644,0.6712762874297344,0.6639699361726946,0.6228070175438597,18
BreastCancer,sigmoid,15,32,24,0.6567924776856262,0.6711918096764584,0.663301194165675,0.6228070175438597,19
BreastCancer,sigmoid,15,32,21,0.6564562560123653,0.6712000238720722,0.6635729128117028,0.6228070175438597,20
BreastCancer,sigmoid,15,32,23,0.656554595404092,0.671260391381808,0.6639065156714687,0.6228070175438597,21
BreastCancer,sigmoid,15,32,24,0.6564792635115727,0.671298718176028,0.6640526208449977,0.6228070175438597,22
BreastCancer,sigmoid,15,32,40,0.6565547041307211,0.671694441257791,0.6626915843606835,0.6228070175438597,23
BreastCancer,sigmoid,15,32,23,0.6564671908124425,0.6712424946478005,0.6638282959385514,0.6228070175438597,24
BreastCancer,sigmoid,15,32,34,0.6564570827669,0.672225152301798,0.6627023133009423,0.6228070175438597,25
BreastCancer,sigmoid,15,32,21,0.6564782540299567,0.6712224564343725,0.6631115701673542,0.6228070175438597,26
BreastCancer,sigmoid,15,32,22,0.656456834090042,0.6712881481095647,0.6640145665063766,0.6228070175438597,27
BreastCancer,sigmoid,15,32,24,0.6564563791943862,0.6713321798831755,0.662891399581841,0.6228070175438597,28
BreastCancer,sigmoid,15,32,43,0.6564582766429172,0.6723093049763726,0.6627177128580264,0.6228070175438597,29
BreastCancer,relu,1,32,114,0.05190558937645508,0.1479743151520948,0.08043747897367345,0.956140350877193,0
BreastCancer,relu,1,32,134,0.0430401012961536,0.1272021694253735,0.07030343695876191,0.9649122807017544,1
BreastCancer,relu,1,32,117,0.04810302739990069,0.14024181998875135,0.0904631862818647,0.9473684210526315,2
BreastCancer,relu,1,32,128,0.04712603402278492,0.1270281224455889,0.06498080795818453,0.9736842105263158,3
BreastCancer,relu,1,32,169,0.03783522497628369,0.12395455356514223,0.050501799676577884,0.9736842105263158,4
BreastCancer,relu,1,32,76,0.055555616871656784,0.12901991029366974,0.0896612816479179,0.9649122807017544,5
BreastCancer,relu,1,32,105,0.05180490898229529,0.13682124932833928,0.08028835734145495,0.9649122807017544,6
BreastCancer,relu,1,32,131,0.0460070996967944,0.1311528731558208,0.08821043731675676,0.956140350877193,7
BreastCancer,relu,1,32,109,0.05143867260926278,0.1624013705760474,0.09985591843115009,0.956140350877193,8
BreastCancer,relu,1,32,82,0.05434509451694728,0.11158791256385193,0.10361439573288128,0.9385964912280702,9
BreastCancer,relu,1,32,99,0.05624988662244625,0.1347237648202138,0.07411470924629911,0.9736842105263158,10
BreastCancer,relu,1,32,113,0.04460066180787109,0.12355452236822242,0.08730691695793089,0.956140350877193,11
BreastCancer,relu,1,32,134,0.04445089860495738,0.1526275401623859,0.08500269269028346,0.956140350877193,12
BreastCancer,relu,1,32,81,0.06061303727210623,0.11215048930802994,0.09414363734752558,0.9736842105263158,13
BreastCancer,relu,1,32,116,0.051677030503550665,0.12164212955637227,0.07815579398945192,0.9736842105263158,14
BreastCancer,relu,1,32,136,0.04599703118042805,0.12778963030363102,0.06948256426835901,0.9649122807017544,15
BreastCancer,relu,1,32,145,0.03785329543209085,0.13594998923194063,0.07846961701107075,0.956140350877193,16
BreastCancer,relu,1,32,106,0.055965680972207776,0.11168368332757017,0.08035236966119315,0.9649122807017544,17
BreastCancer,relu,1,32,141,0.03944671116763618,0.1533061196095813,0.09795672575766327,0.9473684210526315,18
BreastCancer,relu,1,32,95,0.0438272147968001,0.11591487198622587,0.07471355571733392,0.956140350877193,19
BreastCancer,relu,1,32,108,0.04696924838209544,0.11860131944886891,0.08903542325775582,0.956140350877193,20
BreastCancer,relu,1,32,160,0.04026094645120749,0.15053677262877846,0.062043818143213414,0.9824561403508771,21
BreastCancer,relu,1,32,106,0.05352864309546338,0.1506999876769353,0.08565298480497875,0.9736842105263158,22
BreastCancer,relu,1,32,152,0.045197266875246056,0.15588412596565399,0.08588205888491098,0.956140350877193,23
BreastCancer,relu,1,32,88,0.045122621398587325,0.1364480924522463,0.07265190238946025,0.9736842105263158,24
BreastCancer,relu,1,32,133,0.042590325577566854,0.1383623764496819,0.06620608808641468,0.9649122807017544,25
BreastCancer,relu,1,32,110,0.0516455895581172,0.1480308475378065,0.08699308382756571,0.956140350877193,26
BreastCancer,relu,1,32,113,0.047495168458788095,0.12831196329742683,0.06615897010593337,0.9649122807017544,27
BreastCancer,relu,1,32,121,0.04287241834000799,0.13905777525667856,0.06252466459022102,0.9736842105263158,28
BreastCancer,relu,1,32,126,0.03792144799136027,0.12428134256132321,0.06231620659979291,0.9736842105263158,29
BreastCancer,relu,4,32,55,0.041007519605486015,0.14751331858011713,0.127843066893404,0.956140350877193,0
BreastCancer,relu,4,32,65,0.015144648518985436,0.1650417426761134,0.11456307586785829,0.956140350877193,1
BreastCancer,relu,4,32,57,0.028877557822492395,0.20031657258596372,0.07622476768923452,0.9736842105263158,2
BreastCancer,relu,4,32,65,0.04013759467432126,0.16446789792854524,0.09497238486043885,0.9649122807017544,3
BreastCancer,relu,4,32,66,0.030010028704548976,0.1319257663341411,0.06413669683559772,0.9736842105263158,4
BreastCancer,relu,4,32,47,0.046477687623722494,0.13676818655096085,0.09765691926633482,0.9649122807017544,5
BreastCancer,relu,4,32,47,0.04106293194771894,0.15594290034496136,0.10870919404319163,0.9649122807017544,6
BreastCancer,relu,4,32,47,0.04819417188466804,0.13155896511843518,0.07314633137540257,0.9649122807017544,7
BreastCancer,relu,4,32,45,0.0408229412743595,0.1727121339680003,0.11509608634576138,0.956140350877193,8
BreastCancer,relu,4,32,63,0.027584948987924813,0.12578236343853175,0.10126314884348986,0.9385964912280702,9
BreastCancer,relu,4,32,45,0.053630000022049436,0.13322593541370245,0.1140807069406185,0.9473684210526315,10
BreastCancer,relu,4,32,49,0.03066070617360636,0.14967927553075966,0.08553498217111236,0.9649122807017544,11
BreastCancer,relu,4,32,52,0.046070101220932906,0.1772693213983583,0.09133640910148035,0.956140350877193,12
BreastCancer,relu,4,32,45,0.045451873998785974,0.1343580270563138,0.1217664302845673,0.9824561403508771,13
BreastCancer,relu,4,32,83,0.013523690893177065,0.10694107492968902,0.0805809180301858,0.9649122807017544,14
BreastCancer,relu,4,32,69,0.02413460075520083,0.13275326408756769,0.07734993591513373,0.9736842105263158,15
BreastCancer,relu,4,32,64,0.0269958930153272,0.1603601218796898,0.08374957935127514,0.9736842105263158,16
BreastCancer,relu,4,32,49,0.03127794904626968,0.12642611227313566,0.07787781260848838,0.956140350877193,17
BreastCancer,relu,4,32,97,0.020867413418784616,0.14628325249099736,0.1466595123285536,0.9385964912280702,18
BreastCancer,relu,4,32,44,0.026468394804355682,0.13112037099882284,0.08194394204881622,0.956140350877193,19
BreastCancer,relu,4,32,65,0.02974286793198476,0.18782956756012112,0.11964482134609666,0.9473684210526315,20
BreastCancer,relu,4,32,85,0.023033020408765984,0.15200083994953065,0.09132307335948918,0.9649122807017544,21
BreastCancer,relu,4,32,65,0.044409820655135,0.13711834739578488,0.07218547000920762,0.9824561403508771,22
BreastCancer,relu,4,32,56,0.04355085863378018,0.2139091232433493,0.07138827519157682,0.9824561403508771,23
BreastCancer,relu,4,32,63,0.01780412684667406,0.11746381966772394,0.088988978752309,0.956140350877193,24
BreastCancer,relu,4,32,54,0.03936109477705792,0.18000261000438955,0.10470432761134116,0.9473684210526315,25
BreastCancer,relu,4,32,58,0.03919550990977673,0.17210637948150337,0.08117141314200112,0.9736842105263158,26
BreastCancer,relu,4,32,45,0.047182476215878406,0.15127977397308445,0.06016020865681977,0.9824561403508771,27
BreastCancer,relu,4,32,54,0.02662227485715846,0.15447940671721302,0.06579898921641213,0.9824561403508771,28
BreastCancer,relu,4,32,54,0.022443113994847448,0.09138522168317767,0.08561593309361716,0.9649122807017544,29
BreastCancer,relu,15,32,37,0.019855812888496836,0.18658744032349167,0.2346521509235545,0.9385964912280702,0
BreastCancer,relu,15,32,34,0.0026102974731437288,0.1782405204501435,0.10899704214155291,0.9736842105263158,1
BreastCancer,relu,15,32,36,0.007959089270851207,0.28242566282036646,0.10974135193887899,0.9649122807017544,2
BreastCancer,relu,15,32,30,0.006156257592920441,0.15838048868892413,0.12779163984233244,0.9649122807017544,3
BreastCancer,relu,15,32,31,0.025566092012100174,0.17050266268953662,0.07904290178436743,0.9824561403508771,4
BreastCancer,relu,15,32,31,0.01574447139581638,0.24286769502158687,0.1494976945501978,0.956140350877193,5
BreastCancer,relu,15,32,44,0.001556046908844586,0.1555402164099892,0.13487720734525352,0.9473684210526315,6
BreastCancer,relu,15,32,36,0.01041478948105971,0.11696367112009409,0.0912954982581189,0.9649122807017544,7
BreastCancer,relu,15,32,46,0.00411521953609524,0.19400517746383772,0.18373839573869943,0.9210526315789473,8
BreastCancer,relu,15,32,43,0.009175740156410898,0.13388770033277256,0.2074221729662727,0.9385964912280702,9
BreastCancer,relu,15,32,29,0.036635730125257324,0.1899578886442351,0.1405904811252052,0.956140350877193,10
BreastCancer,relu,15,32,29,0.008378709788829056,0.16405387762832907,0.14006465510885172,0.9473684210526315,11
BreastCancer,relu,15,32,30,0.018105070869569147,0.2276191780852158,0.16320406361246417,0.9298245614035088,12
BreastCancer,relu,15,32,34,0.006988524050080003,0.14040003340224366,0.17428577215972477,0.9473684210526315,13
BreastCancer,relu,15,32,40,0.009061992022241986,0.17562649788339302,0.26290658880075884,0.9298245614035088,14
BreastCancer,relu,15,32,37,0.020529483254919562,0.2339474497772838,0.1683888954199926,0.9385964912280702,15
BreastCancer,relu,15,32,53,0.019423595341462166,0.13785937848745367,0.13110935972071444,0.956140350877193,16
BreastCancer,relu,15,32,33,0.0022059082274302924,0.11045596019971708,0.12713084924439177,0.956140350877193,17
BreastCancer,relu,15,32,29,0.03926820945087724,0.30892301638971725,0.2675465596388846,0.9035087719298246,18
BreastCancer,relu,15,32,30,0.018456538466829264,0.11173689470053932,0.10555017799318583,0.9824561403508771,19
BreastCancer,relu,15,32,48,0.017563903556247623,0.193871089599989,0.2785034918017194,0.9298245614035088,20
BreastCancer,relu,15,32,29,0.021408604403488133,0.21093514423920748,0.14224731644001593,0.956140350877193,21
BreastCancer,relu,15,32,36,0.010575859004301935,0.17343388639701138,0.13171360349226183,0.9473684210526315,22
BreastCancer,relu,15,32,32,0.021154518283723136,0.26469672715033415,0.12190797114915382,0.956140350877193,23
BreastCancer,relu,15,32,38,0.0037307966623590805,0.16046984564464828,0.18432304303846767,0.9385964912280702,24
BreastCancer,relu,15,32,30,0.004019711572157544,0.27360536130962315,0.23047198009192849,0.9122807017543859,25
BreastCancer,relu,15,32,29,0.013269608961170052,0.20999129011489037,0.11335900291728242,0.9649122807017544,26
BreastCancer,relu,15,32,31,0.013061077146130397,0.1611427243169483,0.06630404474660519,0.9824561403508771,27
BreastCancer,relu,15,32,27,0.031225510744602947,0.2693740026002429,0.15772068273343487,0.9473684210526315,28
BreastCancer,relu,15,32,48,0.0030935545695962097,0.06988869529578225,0.1383634638979587,0.9649122807017544,29
BreastCancer,leaky_relu,1,32,114,0.05178491379063415,0.1479299405772766,0.08003018648109993,0.956140350877193,0
BreastCancer,leaky_relu,1,32,134,0.042961538387977526,0.12725231264357204,0.07005777220588054,0.9649122807017544,1
BreastCancer,leaky_relu,1,32,117,0.048084609247555976,0.14050538095054776,0.09005685432875249,0.9473684210526315,2
BreastCancer,leaky_relu,1,32,128,0.04705664003343055,0.12727408906790255,0.06473995625420534,0.9736842105263158,3
BreastCancer,leaky_relu,1,32,169,0.037834932345294815,0.12414646406493042,0.050480862800656154,0.9736842105263158,4
BreastCancer,leaky_relu,1,32,76,0.055385330182358986,0.1290733968296105,0.08908997250246402,0.9649122807017544,5
BreastCancer,leaky_relu,1,32,105,0.051762189342457285,0.13685999609523714,0.08012047706531931,0.9649122807017544,6
BreastCancer,leaky_relu,1,32,131,0.04589856550094755,0.13162960396964432,0.08785423916961099,0.956140350877193,7
BreastCancer,leaky_relu,1,32,109,0.0512745515063704,0.16239278978671404,0.0994012371717611,0.956140350877193,8
BreastCancer,leaky_relu,1,32,82,0.05422353177538509,0.11174967050148693,0.10279705320259393,0.9385964912280702,9
BreastCancer,leaky_relu,1,32,99,0.05617383482052488,0.13492148984699198,0.07372065746383956,0.9736842105263158,10
BreastCancer,leaky_relu,1,32,113,0.04452316335734102,0.12368308447284423,0.08699478621322881,0.956140350877193,11
BreastCancer,leaky_relu,1,32,134,0.04445756526163858,0.1526753832013429,0.08463189024309888,0.956140350877193,12
BreastCancer,leaky_relu,1,32,81,0.06041208037914418,0.11227201768415913,0.09355745991686035,0.9736842105263158,13
BreastCancer,leaky_relu,1,32,116,0.05160199055972427,0.12199676907214388,0.07764534132924875,0.9736842105263158,14
BreastCancer,leaky_relu,1,32,136,0.04597246272691957,0.12793075841901602,0.0691892092831853,0.9649122807017544,15
BreastCancer,leaky_relu,1,32,145,0.03780450889828909,0.13598821696356359,0.07822973288501457,0.956140350877193,16
BreastCancer,leaky_relu,1,32,106,0.055766985976266954,0.1116561398573307,0.07986843384012036,0.9649122807017544,17
BreastCancer,leaky_relu,1,32,141,0.0394186536417718,0.15333816308443773,0.09771385158555768,0.9473684210526315,18
BreastCancer,leaky_relu,1,32,93,0.04436236268607692,0.11603710318706756,0.07476091266560117,0.956140350877193,19
BreastCancer,leaky_relu,1,32,108,0.04684933670014478,0.11896230707078104,0.08887050680412754,0.956140350877193,20
BreastCancer,leaky_relu,1,32,160,0.04033279275057899,0.1507954357227866,0.061738099737604045,0.9824561403508771,21
BreastCancer,leaky_relu,1,32,106,0.05332368037703853,0.15032422037476287,0.08539905393407936,0.9736842105263158,22
BreastCancer,leaky_relu,1,32,152,0.04514276077693538,0.15606758716672817,0.08548290595321378,0.956140350877193,23
BreastCancer,leaky_relu,1,32,88,0.04499058664124404,0.1363685749917638,0.07232574981543444,0.9649122807017544,24
BreastCancer,leaky_relu,1,32,133,0.04250729514780044,0.1383283432974107,0.06610782646302404,0.9736842105263158,25
BreastCancer,leaky_relu,1,32,110,0.051523553707146896,0.1479009271835318,0.0864952392642235,0.956140350877193,26
BreastCancer,leaky_relu,1,32,113,0.04755385145050211,0.12857258841569696,0.06574834037144583,0.9736842105263158,27
BreastCancer,leaky_relu,1,32,121,0.042954622787600066,0.1393238237423392,0.06228952774959122,0.9736842105263158,28
BreastCancer,leaky_relu,1,32,126,0.03790701039231281,0.12449598621053493,0.0620468139523898,0.9649122807017544,29
BreastCancer,leaky_relu,4,32,56,0.04000599600703919,0.1471057273302396,0.1282619665118051,0.956140350877193,0
BreastCancer,leaky_relu,4,32,66,0.015147889249804137,0.1649163300204229,0.11163034077540629,0.956140350877193,1
BreastCancer,leaky_relu,4,32,57,0.029073590329741796,0.20260964909887297,0.07649989883279175,0.9736842105263158,2
BreastCancer,leaky_relu,4,32,65,0.04085625938911148,0.16558764397268683,0.09707802465786868,0.9649122807017544,3
BreastCancer,leaky_relu,4,32,73,0.026646265396690228,0.1308321513724986,0.06310390715360595,0.9736842105263158,4
BreastCancer,leaky_relu,4,32,48,0.04552550435768696,0.13794629017307444,0.09566616616001689,0.9649122807017544,5
BreastCancer,leaky_relu,4,32,47,0.041443731574440756,0.15564028133159438,0.10743597827401921,0.9649122807017544,6
BreastCancer,leaky_relu,4,32,47,0.04799607875350749,0.13300924608049836,0.07346125575600068,0.9649122807017544,7
BreastCancer,leaky_relu,4,32,45,0.04057326136501716,0.17277544070094472,0.11385837767305217,0.956140350877193,8
BreastCancer,leaky_relu,4,32,63,0.027917441432541875,0.12582094522974552,0.10013446883949595,0.9385964912280702,9
BreastCancer,leaky_relu,4,32,44,0.05473965876828745,0.1330434603385217,0.11335469647546677,0.9473684210526315,10
BreastCancer,leaky_relu,4,32,49,0.030836128751255302,0.15000336030940958,0.08499223821006179,0.9649122807017544,11
BreastCancer,leaky_relu,4,32,52,0.046494883775664464,0.17693134395590931,0.09095954683543539,0.956140350877193,12
BreastCancer,leaky_relu,4,32,45,0.04509266289380546,0.1345170610024631,0.1213720961728782,0.9824561403508771,13
BreastCancer,leaky_relu,4,32,83,0.013786424217465237,0.10837506924774737,0.0811819904279001,0.9649122807017544,14
BreastCancer,leaky_relu,4,32,86,0.01822879107857007,0.1312562671901229,0.07504911783896703,0.9736842105263158,15
BreastCancer,leaky_relu,4,32,64,0.02729725542540669,0.15986644198629482,0.08396253079224743,0.9736842105263158,16
BreastCancer,leaky_relu,4,32,49,0.03059553012229476,0.12608265383408523,0.07811120926175467,0.956140350877193,17
BreastCancer,leaky_relu,4,32,97,0.021304732004712345,0.14955659966631213,0.14620554028299612,0.9385964912280702,18
BreastCancer,leaky_relu,4,32,44,0.026653005870844414,0.13026670719823102,0.08157743571243437,0.956140350877193,19
BreastCancer,leaky_relu,4,32,65,0.030220912996318926,0.18754864446153696,0.11900552665212175,0.9473684210526315,20
BreastCancer,leaky_relu,4,32,85,0.0231685516756595,0.15020152716132257,0.09027266904183706,0.9649122807017544,21
BreastCancer,leaky_relu,4,32,65,0.04375459477662835,0.1387416899419026,0.0720692761278665,0.9824561403508771,22
BreastCancer,leaky_relu,4,32,54,0.0448635793096948,0.2119003579249298,0.06968979691685288,0.9824561403508771,23
BreastCancer,leaky_relu,4,32,59,0.01979242338457161,0.11697791921814545,0.09091105849115683,0.956140350877193,24
BreastCancer,leaky_relu,4,32,54,0.03961266270130386,0.18061546616590682,0.10400034830942212,0.9473684210526315,25
BreastCancer,leaky_relu,4,32,58,0.03911409843919368,0.16988540091341472,0.08055535393957743,0.9736842105263158,26
BreastCancer,leaky_relu,4,32,45,0.046784628045290884,0.1518591880512639,0.058747155451223436,0.9824561403508771,27
BreastCancer,leaky_relu,4,32,54,0.026967811079736097,0.15487468300545507,0.06545684929657018,0.9824561403508771,28
BreastCancer,leaky_relu,4,32,54,0.022410326448833607,0.0911743771128362,0.084320410741948,0.9649122807017544,29
BreastCancer,leaky_relu,15,32,54,0.01262154818296789,0.17156412886746847,0.2236359659911514,0.956140350877193,0
BreastCancer,leaky_relu,15,32,36,0.0029488381546003122,0.16502078461981212,0.12173095702936249,0.9473684210526315,1
BreastCancer,leaky_relu,15,32,39,0.0022402981634215818,0.14597099180402953,0.1319332501296857,0.956140350877193,2
BreastCancer,leaky_relu,15,32,34,0.0050651229916711974,0.1591870361473471,0.1066000731186213,0.9736842105263158,3
BreastCancer,leaky_relu,15,32,33,0.016178438901713332,0.13119448688723537,0.09948866241627749,0.9824561403508771,4
BreastCancer,leaky_relu,15,32,32,0.01805145541341994,0.24855535351859714,0.1461684221738665,0.956140350877193,5
BreastCancer,leaky_relu,15,32,34,0.00366371991562682,0.16343435803785006,0.13054807505211108,0.9473684210526315,6
BreastCancer,leaky_relu,15,32,36,0.009891884792527728,0.1167830163732594,0.0930037910130562,0.9649122807017544,7
BreastCancer,leaky_relu,15,32,49,0.0024942858095779942,0.21823406800598874,0.19916351978605154,0.9210526315789473,8
BreastCancer,leaky_relu,15,32,34,0.015873658007678475,0.12643931721833665,0.13270923613029342,0.9385964912280702,9
BreastCancer,leaky_relu,15,32,35,0.01899804996590261,0.1944281925801327,0.13442619089868676,0.9649122807017544,10
BreastCancer,leaky_relu,15,32,29,0.008144314163688677,0.1617905054797253,0.1429671023473772,0.956140350877193,11
BreastCancer,leaky_relu,15,32,31,0.01664905750662858,0.21801511120653394,0.1413414145995528,0.9385964912280702,12
BreastCancer,leaky_relu,15,32,39,0.0021790017889621663,0.1295316526189623,0.12492560402728929,0.9649122807017544,13
BreastCancer,leaky_relu,15,32,35,0.014567109602940845,0.1830486070247534,0.2500882453542893,0.9210526315789473,14
BreastCancer,leaky_relu,15,32,36,0.021566719701779192,0.23001112938397178,0.16614875091342532,0.9385964912280702,15
BreastCancer,leaky_relu,15,32,32,0.014642685056745904,0.1948329756822672,0.12432214995842765,0.956140350877193,16
BreastCancer,leaky_relu,15,32,33,0.0022679132644966276,0.10620137776537304,0.12420365558343577,0.956140350877193,17
BreastCancer,leaky_relu,15,32,27,0.04242205043709938,0.31209826902128085,0.28952900282799277,0.8947368421052632,18
BreastCancer,leaky_relu,15,32,43,0.01345376046806081,0.10840810714056251,0.12394329526827452,0.9736842105263158,19
BreastCancer,leaky_relu,15,32,39,0.02679893630486651,0.22515843317231282,0.21355482942076562,0.9298245614035088,20
BreastCancer,leaky_relu,15,32,40,0.016065298916554723,0.18192411149999985,0.0990526978653122,0.9649122807017544,21
BreastCancer,leaky_relu,15,32,28,0.01848944981870513,0.1884329106699956,0.17940145363067633,0.9473684210526315,22
BreastCancer,leaky_relu,15,32,32,0.02495695808346513,0.2519370326215944,0.1145663995253371,0.9649122807017544,23
BreastCancer,leaky_relu,15,32,36,0.004345082657821657,0.1538090118036901,0.17459792306886115,0.9385964912280702,24
BreastCancer,leaky_relu,15,32,30,0.004990340785650788,0.2526400266150009,0.23309898632977655,0.9122807017543859,25
BreastCancer,leaky_relu,15,32,29,0.01109703126063444,0.20056809406483772,0.11899208252790529,0.9649122807017544,26
BreastCancer,leaky_relu,15,32,31,0.03533433568112518,0.16089328538504752,0.07386646528405473,0.9824561403508771,27
BreastCancer,leaky_relu,15,32,46,0.00274877905415828,0.18412450494040222,0.11010698520701336,0.9649122807017544,28
BreastCancer,leaky_relu,15,32,47,0.0035401657762128918,0.06458522497929747,0.14617562662360625,0.956140350877193,29
